STATE,ST_CASE,VE_TOTAL,VE_FORMS,PVH_INVL,PEDS,PERNOTMVIT,PERMVIT,PERSONS,COUNTY,CITY,DAY,MONTH,YEAR,DAY_WEEK,HOUR,MINUTE,NHS,RUR_URB,FUNC_SYS,RD_OWNER,ROUTE,TWAY_ID,TWAY_ID2,MILEPT,LATITUDE,LONGITUD,SP_JUR,HARM_EV,MAN_COLL,RELJCT1,RELJCT2,TYP_INT,WRK_ZONE,REL_ROAD,LGT_COND,WEATHER1,WEATHER2,WEATHER,SCH_BUS,RAIL,NOT_HOUR,NOT_MIN,ARR_HOUR,ARR_MIN,HOSP_HR,HOSP_MN,CF1,CF2,CF3,FATALS,DRUNK_DR
35,350181,1,1,0,0,0,3,3,6,702,23,7,2016,7,13,27,0,1,5,1,3,SR-124,,120,35.08358333,-107.584719440000,0,1,0,0,1,1,0,1,1,1,0,1,0,0000000,13,23,13,31,13,54,0,0,0,1,1
35,350182,1,1,0,0,0,1,1,27,0,26,7,2016,3,15,36,0,1,4,1,2,US-380,,770,33.58078056,-105.691361110000,0,1,0,0,1,1,0,1,1,1,0,1,0,0000000,15,41,16,0,18,24,0,0,0,1,0
35,350183,1,1,0,0,0,3,3,49,0,13,5,2016,6,16,43,1,1,1,1,1,I-25,,2880,35.58447778,-105.901675000000,0,1,0,0,1,1,0,1,1,1,0,1,0,0000000,16,32,16,37,99,99,0,0,0,1,0
35,350184,1,1,0,1,1,1,1,61,530,23,4,2016,7,22,40,0,2,4,1,3,SR-47,,0,34.78369167,-106.704586110000,0,9,0,0,1,1,0,2,2,1,0,1,0,0000000,22,42,22,46,23,38,0,0,0,1,0
35,350185,2,2,0,0,0,3,3,9,0,11,7,2016,2,15,7,1,2,3,1,2,US-60/84,SR-467,0,34.40490000,-103.266925000000,0,12,6,0,2,2,0,1,1,1,0,1,0,0000000,14,7,14,13,14,31,0,0,0,1,0
35,350186,3,3,0,0,0,7,7,55,780,30,7,2016,7,13,47,0,2,3,1,3,SR-68 PASEO DEL PUEBLO SUR,,0,36.37541389,-105.592805560000,0,12,2,0,8,1,0,11,1,1,0,1,0,0000000,13,47,13,50,14,13,0,0,0,1,0
35,350187,1,1,0,0,0,1,1,49,0,4,7,2016,2,22,53,1,1,1,1,1,I-25,,2990,35.58206944,-105.766816670000,0,1,0,0,1,1,0,4,2,1,0,1,0,0000000,22,48,23,0,88,88,0,0,0,1,0
35,350188,1,1,0,0,0,2,2,7,0,9,7,2016,7,12,40,1,1,1,1,1,I-25,,4230,36.49946111,-104.569208330000,0,1,0,0,1,1,0,4,1,1,0,1,0,0000000,12,45,13,9,14,11,0,0,0,1,0
35,350189,1,1,0,0,0,2,2,11,0,11,7,2016,2,16,20,1,1,3,1,2,US-285,,1660,34.12896667,-104.832380560000,0,1,0,0,1,1,0,4,1,1,0,1,0,0000000,17,2,17,42,18,15,0,0,0,1,1
35,350190,2,2,0,0,0,4,4,19,0,16,7,2016,7,2,37,1,1,3,1,2,US-54,,2150,34.70125278,-105.068302780000,0,11,0,0,1,1,0,1,2,1,0,1,0,0000000,2,34,3,0,3,40,0,0,0,3,0
35,350191,1,1,0,0,0,1,1,51,0,17,7,2016,1,17,40,1,1,1,1,1,I-25,,630,32.94698611,-107.314844440000,0,24,0,0,1,1,0,4,1,1,0,1,0,0000000,17,44,18,0,88,88,0,0,0,1,0
35,350192,1,1,0,0,0,5,5,59,240,18,7,2016,2,3,0,1,1,3,1,2,US-64,,3860,36.75972778,-103.831094440000,0,59,0,0,1,1,0,4,2,1,0,1,0,0000000,3,5,3,16,99,99,0,0,0,1,0
35,350193,2,2,0,0,0,3,3,1,30,21,6,2016,3,19,33,1,2,3,4,6,MONTGOMERY BLVD,LOUISIANA BLVD,0,35.13066111,-106.568777780000,0,12,2,0,2,2,0,1,5,1,0,1,0,0000000,19,36,19,41,20,0,0,0,0,1,0
35,350194,2,2,0,0,0,2,2,19,0,19,7,2016,3,7,28,1,1,3,1,2,US-84,BURROW PIT RD,720,35.11515833,-105.024127780000,0,12,1,0,3,3,0,1,1,1,0,1,0,0000000,7,0,7,25,88,88,0,0,0,1,0
35,350195,1,1,0,0,0,5,5,29,0,27,6,2016,2,19,4,0,1,4,1,3,SR-26,,330,32.58776667,-107.363794440000,0,1,0,0,1,1,0,4,1,1,0,1,0,0000000,19,5,19,33,21,48,0,0,0,1,0
35,350196,1,1,0,0,0,1,1,49,0,24,7,2016,1,16,48,0,1,6,2,9,GOLD MINE ROAD,,0,35.40811389,-106.123622220000,0,38,0,0,1,1,0,4,1,1,0,1,0,0000000,16,55,17,15,88,88,0,0,0,1,0
35,350197,2,2,0,0,0,4,4,1,30,22,7,2016,6,23,5,1,2,1,1,6,LOUISIANA BLVD NE,I-40 RAMP,0,35.09748611,-106.568861110000,0,12,6,1,2,2,0,1,3,1,0,1,0,0000000,23,36,23,41,23,52,0,0,0,1,1
35,350198,1,1,0,0,0,1,1,33,0,27,7,2016,4,10,28,0,1,5,1,3,SR-442,,70,36.02278889,-105.201755560000,0,5,0,0,1,1,0,4,1,1,0,1,0,0000000,99,99,10,31,88,88,0,0,0,1,1
35,350199,1,1,0,0,0,2,2,49,710,30,7,2016,7,5,39,0,2,5,4,9,SANDOVAL ST,SAN FRANCISCO ST,0,35.68789167,-105.941819440000,0,46,0,0,3,2,0,4,4,1,0,1,0,0000000,99,99,99,99,99,99,0,0,0,1,1
35,350200,1,1,0,1,1,2,2,55,664,15,7,2016,6,20,55,0,1,5,1,3,SR-38 E MAIN ST,,0,36.70614167,-105.402983330000,0,8,0,0,1,1,0,1,3,1,0,1,0,0000000,20,56,21,2,22,5,0,0,0,1,0
35,350201,3,3,0,0,0,5,5,45,745,9,7,2016,7,2,32,1,2,3,1,2,US-64,,240,36.78603056,-108.645630560000,3,12,2,0,1,1,0,1,2,1,0,1,0,0000000,2,40,2,42,3,54,0,0,0,3,3
35,350202,1,1,0,0,0,2,2,29,200,19,7,2016,3,20,28,0,1,7,2,9,SAN DIEGO RD SE,,0,31.86517222,-107.569511110000,0,38,0,0,1,1,0,4,5,1,0,1,0,0000000,20,12,20,25,99,99,0,0,0,1,0
35,350203,2,2,0,0,0,3,3,49,261,17,6,2016,6,1,14,1,1,1,1,1,I-40,,1860,35.06780000,-106.201975000000,0,12,2,0,1,1,0,1,2,1,0,1,0,0000000,0,54,1,6,2,10,0,0,0,1,1
35,350204,1,1,0,1,1,1,1,1,30,27,6,2016,2,3,8,0,6,96,96,9,NONE,,0,35.13781944,-106.624313890000,0,8,0,0,1,1,0,1,2,98,0,98,0,0000000,99,99,99,99,88,88,0,0,0,1,0
35,350205,2,2,0,0,0,3,3,1,0,22,7,2016,6,7,30,1,2,1,1,1,I-40,,1500,35.07310278,-106.771286110000,0,12,1,0,1,1,0,1,1,1,0,1,0,0000000,7,37,7,49,88,88,0,0,0,2,0
35,350206,1,1,0,1,1,2,2,45,310,28,5,2016,7,23,47,1,2,3,1,2,US-64 BROADWAY,,0,36.72833611,-108.221391670000,0,8,0,0,1,1,0,1,3,1,0,1,0,0000000,23,47,23,51,23,57,0,0,0,1,0
35,350207,1,1,0,0,0,6,6,61,530,8,8,2016,2,11,28,1,2,1,1,1,I-25,,2030,34.79756667,-106.768158330000,0,1,0,0,1,1,0,3,1,1,0,1,0,0000000,11,32,11,37,12,5,0,0,0,1,0
35,350208,1,1,0,0,0,1,1,39,0,27,8,2016,7,22,55,0,1,4,1,2,US-84,,2240,36.30817500,-106.465836110000,0,1,0,0,1,1,0,1,2,1,0,1,0,0000000,22,59,23,27,88,88,0,0,0,1,1
35,350209,1,1,0,0,0,2,2,55,664,30,8,2016,3,15,5,0,1,5,1,3,SR-578,,20,36.68140556,-105.382511110000,0,1,0,0,1,1,0,4,1,2,0,2,0,0000000,15,10,15,16,16,46,0,0,0,1,1
35,350210,4,4,0,0,0,10,10,43,740,6,8,2016,7,14,50,0,1,5,1,3,SR-22,,55,35.53559722,-106.345619440000,3,12,8,0,1,1,0,1,1,1,0,1,0,0000000,14,55,15,21,15,49,0,0,0,1,0
35,350211,2,2,0,0,0,2,2,43,706,18,8,2016,5,14,41,1,1,3,1,2,US-550,,100,35.41599167,-106.642477780000,3,12,6,0,1,1,0,1,1,2,0,2,0,0000000,99,99,99,99,88,88,0,0,0,2,0
35,350212,2,2,0,0,0,2,2,49,0,19,8,2016,6,20,42,1,1,1,1,1,I-25,,2940,35.54791111,-105.827461110000,0,25,0,1,19,1,0,3,8,1,0,1,0,0000000,20,42,20,50,21,50,0,0,0,1,0
35,350213,2,2,0,0,0,6,6,31,340,3,8,2016,4,19,5,0,1,5,1,3,SR-118,I-40 RAMP,330,35.51259444,-108.542919440000,0,12,6,0,2,3,0,1,1,2,10,2,0,0000000,19,8,19,20,19,46,0,0,0,1,0
35,350214,1,1,0,0,0,2,2,6,457,4,8,2016,5,3,58,1,1,1,1,1,I-40,,1083,35.03282778,-107.469525000000,3,1,0,1,18,1,0,1,2,1,0,1,0,0000000,4,2,4,5,5,37,0,0,0,1,0
35,350215,1,1,0,0,0,1,1,11,330,8,8,2016,2,8,36,1,1,3,1,2,US-60,,3320,34.45222222,-104.185391670000,0,58,0,0,1,1,0,4,1,1,0,1,0,0000000,99,99,99,99,88,88,0,0,0,1,1
35,350216,3,3,0,0,0,4,4,31,642,15,8,2016,2,9,42,1,1,1,1,1,I-40,,600,35.37676667,-108.106338890000,0,12,6,0,1,1,0,1,1,1,0,1,0,0000000,9,43,9,51,10,36,0,0,0,1,0
35,350217,1,1,0,0,0,1,1,49,0,21,8,2016,1,22,14,1,2,1,1,1,I-25,,2710,35.55893611,-106.110486110000,0,42,0,0,1,1,0,10,2,2,0,2,0,0000000,22,17,22,39,88,88,0,0,0,1,1
35,350218,1,1,0,1,1,1,1,13,34,25,8,2016,5,19,45,0,2,5,4,9,FOURTH ST,PUTTER CIR,0,32.01280000,-106.602638890000,0,9,0,0,2,3,0,1,1,1,0,1,0,0000000,19,54,19,54,20,26,0,0,0,1,0
35,350219,2,2,0,1,1,2,2,31,340,27,8,2016,7,19,45,1,1,1,1,1,I-40 MP 20,,200,35.52714722,-108.765102780000,0,8,0,0,1,1,0,1,5,1,0,1,0,0000000,19,48,19,55,88,88,0,0,0,1,0
35,350220,1,1,0,0,0,1,1,45,0,31,8,2016,4,22,47,0,1,7,2,9,NAVAJO ROUTE 5,,130,36.43758333,-108.310550000000,3,1,0,0,1,1,0,1,2,1,0,1,0,0000000,22,56,23,35,88,88,0,0,0,1,0
35,350221,2,2,0,0,0,2,2,45,0,3,9,2016,7,16,6,0,1,7,2,9,NAVAJO ROUTE 5,SR-371,0,36.43719167,-108.251763890000,3,1,0,0,3,3,0,4,1,1,0,1,0,0000000,16,9,16,27,88,88,0,0,0,2,2
35,350222,1,1,0,0,0,5,5,33,0,26,7,2016,3,8,22,1,1,1,1,1,I-25,,3760,35.89088333,-104.842722220000,0,1,0,0,1,1,0,2,1,1,0,1,0,0000000,6,30,7,24,8,13,0,0,0,1,0
35,350223,2,2,0,0,0,2,2,49,710,7,8,2016,1,19,44,1,2,3,1,3,SR-14 CERRILLOS RD,CRISTO'S RD,0,35.63016111,-106.022683330000,0,12,1,0,3,2,0,1,1,1,0,1,0,0000000,19,45,19,49,20,1,0,0,0,1,0
35,350224,1,1,0,1,1,1,1,1,30,19,8,2016,6,22,53,1,2,3,4,6,CENTRAL AVE,,0,35.07663333,-106.725277780000,0,8,0,0,1,1,0,1,3,1,0,1,0,0000000,99,99,99,99,88,88,0,0,0,1,0
35,350225,1,1,0,1,1,1,1,1,30,30,8,2016,3,9,59,1,2,3,4,6,MONTGOMERY BLVD,,0,35.13079167,-106.558455560000,0,8,0,0,1,1,0,1,1,1,0,1,0,0000000,10,2,10,5,88,88,0,0,0,1,0
35,350226,2,2,0,0,0,2,2,1,30,31,8,2016,4,19,0,1,2,3,4,6,SAN MATEO BLVD NE,SAN MATEO LN NE,0,35.13443056,-106.586358330000,0,12,6,0,2,2,0,1,1,1,0,1,0,0000000,19,7,19,7,99,99,0,0,0,1,1
35,350227,2,2,0,0,0,5,5,5,670,6,9,2016,3,14,22,0,2,4,4,6,S UNION AVE,DAVIDSON DR,0,33.38061111,-104.535869440000,0,12,98,0,2,3,0,1,1,1,0,1,0,0000000,14,24,14,26,14,38,0,0,0,1,0
35,350228,2,2,0,2,2,5,5,39,577,20,7,2016,4,21,41,1,2,3,1,2,US-84/285,,1930,36.04514444,-106.106533330000,3,8,0,0,1,1,0,1,2,1,0,1,0,0000000,21,44,21,50,22,2,0,0,0,2,0
35,350229,2,2,0,0,0,3,3,57,0,6,9,2016,3,22,58,0,1,4,1,3,SR-333 OLD ROUTE 66,NONE,230,35.03893333,-106.136022220000,0,12,6,0,3,3,0,1,2,1,0,1,0,0000000,99,99,99,99,99,99,0,0,0,1,0
35,350230,2,2,0,0,0,2,2,39,577,22,9,2016,5,20,40,0,1,4,1,2,US-84,,2040,36.17340556,-106.206330560000,0,12,2,0,1,1,0,1,2,1,0,1,0,0000000,20,46,20,58,21,37,0,0,0,2,1
35,350231,1,1,0,1,1,1,1,1,9997,24,8,2016,4,2,40,1,2,3,1,3,SR-556 TRAMWAY RD,,0,35.20226944,-106.564597220000,3,8,0,0,1,1,0,1,2,98,0,98,0,0000000,2,36,2,42,88,88,0,0,0,1,0
35,350232,2,2,0,0,0,5,5,31,642,29,7,2016,6,12,44,1,1,1,1,1,I-40,,620,35.37096111,-108.077466670000,0,12,1,0,1,1,0,1,1,1,0,1,0,0000000,12,46,13,2,13,45,0,0,0,1,0
35,350233,1,1,0,0,0,1,1,19,0,21,8,2016,1,15,38,0,1,4,1,2,US-60,,2760,34.57766389,-105.098475000000,0,1,0,0,1,1,0,4,1,1,0,1,0,0000000,15,44,15,55,88,88,0,0,0,1,0
35,350234,2,2,0,0,0,4,4,31,0,29,8,2016,2,1,52,1,1,1,1,1,I-40,,370,35.49118889,-108.484277780000,0,12,2,0,1,1,0,1,2,1,0,1,0,0000000,2,4,2,20,3,21,0,0,0,1,0
35,350235,1,1,0,0,0,1,1,13,470,1,9,2016,5,15,49,1,2,2,1,2,US-70,,1580,32.40559444,-106.655925000000,0,24,0,0,1,1,0,10,1,2,0,2,0,0000000,15,47,15,56,88,88,0,0,0,1,0
35,350236,1,1,0,1,1,1,1,13,0,3,9,2016,7,3,41,1,2,1,1,1,I-10,,1430,32.27077778,-106.748788890000,0,8,0,0,1,1,0,1,2,1,0,1,0,0000000,99,98,99,98,88,88,0,0,0,1,0
35,350237,1,1,0,0,0,1,1,19,0,3,9,2016,7,16,55,0,1,6,1,3,SR-91,,50,34.88600000,-104.643200000000,0,1,0,0,1,1,0,4,1,1,0,1,0,0000000,15,0,15,15,15,32,0,0,0,1,1
35,350238,1,1,0,0,0,1,1,6,0,5,9,2016,2,6,25,0,1,7,2,9,US FOREST ROAD 447,,0,35.03349444,-107.986841670000,0,35,0,0,1,1,0,4,1,1,0,1,0,0000000,6,44,7,23,88,88,0,0,0,1,0
35,350239,1,1,0,0,0,1,1,53,760,13,8,2016,7,9,0,1,1,3,1,2,US-60,,1220,34.10348611,-107.109933330000,0,34,0,0,1,1,0,4,1,1,0,1,0,0000000,99,99,99,99,99,99,0,0,0,1,0
35,350240,3,3,0,0,0,3,3,25,0,4,9,2016,1,10,14,0,1,5,1,3,SR-128,,470,32.13767222,-103.279925000000,0,12,7,0,1,1,0,1,1,1,0,1,0,0000000,10,15,10,26,88,88,0,0,0,2,0
35,350241,4,4,0,0,0,16,16,43,740,17,9,2016,7,14,42,1,1,1,1,1,I-25,,2590,35.47051667,-106.304225000000,3,12,1,0,1,1,1,1,1,1,0,1,0,0000000,14,49,15,5,17,5,0,0,0,1,0
35,350242,1,1,0,0,0,3,3,1,30,7,8,2016,1,15,30,0,6,96,96,9,CASINO DOWNS PARKING LOT,,0,35.07672222,-106.569394440000,0,33,0,0,1,1,0,4,1,1,0,1,0,0000000,15,6,15,10,88,88,0,0,0,1,0
35,350243,2,2,0,0,0,3,3,55,623,31,8,2016,4,19,11,1,1,3,1,2,US-285,SR-414,3520,36.30216111,-106.045272220000,0,12,6,0,2,3,0,1,1,1,0,1,0,0000000,19,25,19,44,88,88,0,0,0,1,1
35,350244,1,1,0,0,0,2,2,1,30,5,8,2016,6,23,44,1,2,1,1,1,I-25 RAMP,,0,34.95743056,-106.659616670000,0,1,0,1,5,1,0,8,2,1,0,1,0,0000000,23,49,0,2,0,26,0,0,0,1,1
35,350245,1,1,0,0,0,2,2,1,30,11,8,2016,5,20,21,1,2,1,1,1,I-25,,2170,34.96957222,-106.655602780000,0,1,0,0,1,1,0,4,2,1,0,1,0,0000000,20,34,20,44,21,6,0,0,0,1,1
35,350246,1,1,0,0,0,1,1,7,660,14,9,2016,4,17,21,1,1,3,1,2,US-64/87,,3540,36.85456389,-104.362927780000,0,1,0,0,1,1,0,4,1,3,0,3,0,0000000,17,24,17,34,88,88,0,0,0,1,0
35,350247,1,1,0,0,0,4,4,15,0,16,9,2016,6,16,46,1,1,3,1,2,US-62/180,,620,32.52948333,-103.813958330000,0,1,0,0,1,1,0,3,1,1,0,1,0,0000000,14,55,15,33,16,50,0,0,0,1,0
35,350248,2,2,0,0,0,6,6,6,360,18,9,2016,1,14,9,0,2,5,1,3,SR-117,,610,35.13202222,-107.813261110000,0,12,6,0,1,1,0,1,1,1,0,1,0,0000000,13,56,14,1,15,21,0,0,0,1,0
35,350249,1,1,0,0,0,1,1,7,0,18,9,2016,1,14,14,0,1,5,1,3,SR-58,,60,36.47858056,-104.800261110000,0,1,0,0,1,1,0,1,1,1,0,1,0,0000000,14,17,14,29,88,88,0,0,0,1,0
35,350250,1,1,0,1,1,1,1,1,30,19,9,2016,2,20,6,1,2,3,1,3,SR-45 COORS BLVD,,0,35.04416944,-106.710005560000,0,8,0,0,1,1,0,1,2,1,0,1,0,0000000,20,8,20,17,88,88,0,0,0,1,0
35,350251,3,1,2,0,0,1,1,49,561,21,9,2016,4,5,58,0,1,4,1,3,SR-14,,280,35.40545556,-106.154288890000,0,1,0,0,1,1,0,1,3,1,0,1,0,0000000,6,13,6,14,88,88,0,0,0,1,0
35,350252,2,2,0,0,0,2,2,49,0,24,9,2016,7,23,46,1,2,1,1,1,I-25,,2850,35.62468611,-105.920663890000,0,12,2,0,1,1,0,1,2,1,0,1,0,0000000,23,47,23,58,88,88,0,0,0,2,1
35,350253,1,1,0,0,0,4,4,6,671,9,9,2016,6,16,52,0,1,7,2,9,BIA-122,,0,34.90687778,-108.356530560000,3,1,0,0,1,1,0,4,1,1,0,1,0,0000000,14,58,15,10,99,99,0,0,0,2,1
35,350254,2,2,0,0,0,2,2,1,30,1,9,2016,5,12,11,1,2,3,4,6,CENTRAL AVE,LOUISIANA BLVD,0,35.07599167,-106.568569440000,0,12,8,0,3,2,0,1,1,1,0,1,0,0000000,12,14,12,19,88,88,0,0,0,1,0
35,350255,2,2,0,0,0,3,3,27,28,17,9,2016,7,18,15,0,1,4,1,3,SR-48,SR-220,110,33.41885833,-105.670538890000,0,12,1,0,3,3,0,1,1,1,0,1,0,0000000,18,10,18,21,18,47,0,0,0,1,0
35,350256,1,1,0,0,0,1,1,45,745,27,9,2016,3,6,10,1,1,3,1,2,US-491,,980,36.87076111,-108.707166670000,3,1,0,0,1,1,0,4,2,1,0,1,0,0000000,6,13,6,18,88,88,0,0,0,1,0
35,350257,1,1,0,0,0,1,1,41,0,5,9,2016,2,7,35,0,1,7,2,9,NORTH ROOSEVELT ROAD AV,,0,34.43443889,-103.844266670000,0,10,0,0,6,1,0,1,1,1,0,1,0,019225M,6,22,6,44,7,43,0,0,0,1,0
35,350258,2,2,0,0,0,3,3,1,30,5,9,2016,2,18,59,1,2,3,4,6,WYOMING BLVD NE,INDIAN SCHOOL RD NE,0,35.10200556,-106.550733330000,0,12,6,0,2,2,0,1,5,1,0,1,0,0000000,19,3,19,9,19,24,0,0,0,2,0
35,350259,1,1,0,0,0,1,1,13,0,17,9,2016,7,19,35,0,2,5,1,9,STERN DRIVE,,180,32.05100278,-106.600655560000,0,24,0,0,1,1,0,4,2,1,0,1,0,0000000,19,29,19,47,20,16,0,0,0,1,1
35,350260,1,1,0,1,1,2,2,5,0,23,9,2016,6,19,44,0,1,4,1,2,US-380,,1620,33.39689722,-104.394377780000,0,8,0,0,1,1,0,1,2,1,0,1,0,0000000,99,99,99,99,88,88,0,0,0,1,0
35,350261,1,1,0,0,0,1,1,5,0,29,9,2016,5,5,59,0,1,5,2,9,MORGAN AVE,,0,33.11028611,-104.357825000000,0,38,0,0,1,1,0,5,2,1,0,1,0,0000000,99,99,99,99,88,88,0,0,0,1,1
35,350262,1,1,0,0,0,4,4,13,0,30,9,2016,6,18,49,1,1,1,1,1,I-25,,120,32.41720556,-106.832616670000,0,1,0,0,1,1,0,3,1,1,0,1,0,0000000,18,44,18,52,99,99,0,0,0,1,0
35,350263,1,1,0,1,1,2,2,1,30,1,10,2016,7,22,49,1,2,3,4,6,WYOMING BLVD NE,,0,35.09488889,-106.550641670000,0,8,0,0,1,1,0,1,3,1,0,1,0,0000000,22,50,22,54,88,88,0,0,0,1,0
35,350264,1,1,0,1,1,3,3,1,30,1,10,2016,7,23,24,1,2,3,1,3,SR-45 COORS BLVD NW,AVALON RD NW,0,35.08305833,-106.710655560000,0,8,0,0,2,3,0,1,3,1,0,1,0,0000000,23,27,23,37,0,3,0,0,0,1,1
35,350265,2,2,0,0,0,4,4,6,457,20,7,2016,4,22,43,1,1,1,1,1,I-40,,1240,34.99279444,-107.235263890000,3,12,11,0,1,1,0,1,2,1,0,1,0,0000000,22,45,22,57,0,18,0,0,0,2,0
35,350266,3,3,0,0,0,7,7,1,30,10,8,2016,4,7,41,1,2,1,1,1,I-40,,1540,35.08780833,-106.742119440000,0,12,1,1,18,1,0,1,1,2,0,2,0,0000000,7,45,7,54,8,12,19,27,0,1,0
35,350267,1,1,0,0,0,1,1,1,30,6,10,2016,5,16,54,1,2,1,1,1,I-25,,2250,35.09116667,-106.634461110000,0,39,0,0,1,1,0,4,1,1,0,1,0,0000000,17,11,17,11,17,21,0,0,0,1,0
35,350268,1,1,0,1,1,1,1,1,30,7,10,2016,6,19,17,1,2,3,4,6,GIBSON AVE,SAN PEDRO DR SE,0,35.05836667,-106.577775000000,0,8,0,0,3,2,0,1,3,1,0,1,0,0000000,19,20,19,23,88,88,0,0,0,1,0
35,350269,1,1,0,1,1,1,1,1,30,10,10,2016,2,21,46,1,2,3,4,6,LOMAS BLVD NE,,0,35.08733611,-106.587397220000,0,8,0,0,1,1,0,1,3,1,0,1,0,0000000,99,99,99,99,88,88,0,0,0,1,1
35,350270,1,1,0,1,1,1,1,1,30,10,10,2016,2,20,19,0,2,4,4,6,GOLF COURSE RD NW,,0,35.18035000,-106.687600000000,0,8,0,0,1,1,0,1,2,1,0,1,0,0000000,20,24,20,27,88,88,0,0,0,1,0