STATE,ST_CASE,VE_TOTAL,VE_FORMS,PVH_INVL,PEDS,PERNOTMVIT,PERMVIT,PERSONS,COUNTY,CITY,DAY,MONTH,YEAR,DAY_WEEK,HOUR,MINUTE,NHS,RUR_URB,FUNC_SYS,RD_OWNER,ROUTE,TWAY_ID,TWAY_ID2,MILEPT,LATITUDE,LONGITUD,SP_JUR,HARM_EV,MAN_COLL,RELJCT1,RELJCT2,TYP_INT,WRK_ZONE,REL_ROAD,LGT_COND,WEATHER1,WEATHER2,WEATHER,SCH_BUS,RAIL,NOT_HOUR,NOT_MIN,ARR_HOUR,ARR_MIN,HOSP_HR,HOSP_MN,CF1,CF2,CF3,FATALS,DRUNK_DR
35,350271,2,2,0,0,0,4,4,45,9997,10,10,2016,2,7,13,0,1,4,1,3,SR-371,CR-7010,1000,36.64388333,-108.231375000000,3,12,6,0,2,2,0,1,1,1,0,1,0,0000000,7,0,7,9,88,88,0,0,0,1,1
35,350272,2,1,1,0,0,1,1,47,0,6,9,2016,3,13,46,1,1,1,1,1,I-25,,3360,35.46184722,-105.277200000000,0,18,0,1,18,1,1,1,1,2,0,2,0,0000000,13,45,14,2,99,96,0,0,0,1,0
35,350273,1,1,0,1,1,1,1,1,30,29,9,2016,5,23,20,1,2,3,4,6,LOUISIANA BLVD,,0,35.08327778,-106.568508330000,0,15,0,0,1,1,0,1,3,1,0,1,0,0000000,23,26,23,29,88,88,0,0,0,1,1
35,350274,1,1,0,1,1,1,1,45,310,5,10,2016,4,12,56,0,2,7,2,9,NORTHRIDGE DR,,0,36.75645833,-108.193805560000,0,15,0,0,8,1,0,1,1,1,0,1,0,0000000,12,56,13,0,88,88,0,0,0,1,0
35,350275,2,2,0,0,0,3,3,25,0,7,10,2016,6,19,21,0,1,4,1,2,US-380,,2240,33.25727500,-103.370369440000,0,12,8,0,1,1,0,1,2,1,0,1,0,0000000,19,30,19,54,20,38,0,0,0,1,0
35,350276,1,1,0,1,1,5,5,35,0,10,10,2016,2,21,6,1,1,3,1,2,US-70,,2450,33.16313611,-105.758602780000,3,8,0,0,1,1,0,2,2,1,0,1,0,0000000,20,55,21,0,88,88,0,0,0,1,0
35,350277,2,2,0,0,0,3,3,6,360,11,10,2016,3,19,11,1,1,1,1,1,I-40,,848,35.12698333,-107.834097220000,0,1,0,1,19,1,0,3,2,1,0,1,0,0000000,19,11,19,16,19,47,0,0,0,2,0
35,350278,1,1,0,0,0,2,2,29,0,14,10,2016,6,7,12,1,1,1,1,1,I-10,,749,32.25542222,-107.884125000000,0,1,0,0,1,1,0,10,1,1,0,1,0,0000000,7,26,7,37,8,6,0,0,0,1,0
35,350279,2,2,0,0,0,4,4,6,0,18,10,2016,3,19,29,1,1,1,1,1,I-40,,984,35.07600833,-107.623097220000,0,12,6,0,1,1,0,1,2,1,0,1,0,0000000,19,30,19,41,20,44,0,0,0,1,1
35,350281,1,1,0,0,0,1,1,29,230,22,10,2016,7,21,48,1,1,3,1,8,PINE ST,,0,32.26865556,-107.715425000000,0,33,0,0,1,1,0,8,3,1,0,1,0,0000000,21,40,21,48,22,1,0,0,0,1,1
35,350282,1,1,0,1,1,2,2,49,710,20,10,2016,5,19,17,1,2,3,1,9,N GUADALUPE,,0,35.69442500,-105.949891670000,0,8,0,0,1,1,0,1,3,1,0,1,0,0000000,99,99,99,99,88,88,0,0,0,1,0
35,350283,1,1,0,0,0,1,1,39,158,23,10,2016,1,19,9,0,2,6,2,9,CR-87,,0,36.01525556,-105.948147220000,0,42,0,0,1,1,0,5,2,1,0,1,0,0000000,19,8,19,30,88,88,0,0,0,1,1
35,350284,1,1,0,1,1,2,2,19,730,25,10,2016,3,0,58,1,1,1,1,1,I-40,,2770,34.94836944,-104.640100000000,0,8,0,1,18,1,0,1,2,1,0,1,0,0000000,99,99,99,99,88,88,0,0,0,1,0
35,350285,1,1,0,1,1,1,1,1,30,26,10,2016,4,20,35,1,2,3,1,3,SR-45 COORS BLVD,,0,35.11163611,-106.702291670000,0,8,0,0,1,1,0,1,3,1,0,1,0,0000000,20,42,20,48,88,88,0,0,0,1,1
35,350286,1,1,0,1,1,5,5,31,0,28,10,2016,6,20,55,0,1,3,1,3,SR-118,,293,35.53072500,-108.611880560000,0,8,0,0,1,1,0,1,2,1,0,1,0,0000000,99,99,99,99,88,88,0,0,0,1,0
35,350287,1,1,0,0,0,1,1,27,0,31,10,2016,2,20,22,0,1,4,1,2,US-380,,899,33.52393611,-105.502922220000,0,38,0,0,1,1,0,4,2,1,0,1,0,0000000,20,17,20,29,88,88,0,0,0,1,0
35,350288,1,1,0,0,0,1,1,11,0,13,10,2016,5,14,52,0,1,4,1,2,US-60,,3050,34.44102500,-104.629838890000,0,1,0,0,1,1,0,4,1,1,0,1,0,0000000,14,58,15,22,88,88,0,0,0,1,1
35,350289,1,1,0,0,0,2,2,31,0,23,10,2016,1,23,42,0,1,5,1,3,SR-53,,260,35.11293056,-108.603938890000,3,1,0,0,1,1,0,4,2,1,0,1,0,0000000,23,42,23,56,0,28,0,0,0,1,1
35,350290,1,1,0,1,1,1,1,23,850,10,10,2016,2,13,40,0,1,5,1,3,SR-92,,10,32.69384444,-109.036569440000,0,8,0,0,1,1,0,4,1,1,0,1,0,0000000,99,99,99,99,99,99,0,0,0,1,0
35,350291,1,1,0,1,1,2,2,45,456,14,10,2016,6,19,58,1,1,3,1,2,US-64,,455,36.73669167,-108.294408330000,0,8,0,0,1,1,0,1,2,1,0,1,0,0000000,20,0,20,6,88,88,0,0,0,1,0
35,350292,1,1,0,0,0,3,3,45,0,9,10,2016,1,4,17,0,6,96,96,9,NONE,,0,36.70297500,-108.237091670000,0,5,0,0,1,1,0,1,2,98,0,98,0,0000000,4,21,4,43,88,88,0,0,0,1,1
35,350293,2,2,0,0,0,3,3,23,0,29,10,2016,7,6,37,1,1,1,1,1,I-10,,0,32.22711667,-109.047958330000,0,12,6,0,1,1,0,1,2,1,0,1,0,0000000,6,39,7,5,88,88,0,0,0,1,0
35,350294,1,1,0,0,0,2,2,37,0,1,11,2016,3,19,30,0,1,7,2,9,WILLIAMS AVE,,0,35.36831111,-103.468297220000,0,1,0,0,1,1,0,4,2,1,0,1,0,0000000,19,14,19,29,88,88,0,0,0,2,1
35,350295,2,2,0,0,0,2,2,41,640,24,10,2016,2,11,40,0,1,5,1,3,SR-236,,170,34.20026111,-103.389991670000,0,12,1,0,8,1,0,1,1,1,0,1,0,0000000,11,30,11,33,11,49,0,0,0,1,0
35,350296,1,1,0,0,0,1,1,13,0,2,11,2016,4,14,16,1,1,3,1,2,US-70,,1660,32.43575556,-106.548469440000,0,34,0,0,1,1,0,4,1,1,0,1,0,0000000,12,31,12,51,13,29,0,0,0,1,0
35,350297,1,1,0,1,1,2,2,57,870,3,11,2016,5,6,52,0,1,4,1,2,US-60,,2170,34.59904722,-106.052144440000,0,8,0,0,1,1,0,1,2,1,0,1,0,0000000,99,99,99,99,88,88,0,0,0,1,0
35,350298,2,2,0,0,0,2,2,25,0,11,11,2016,6,13,23,1,1,3,1,2,US-62/180,,920,32.69693333,-103.350361110000,0,12,6,0,1,1,0,1,1,1,0,1,0,0000000,13,22,13,33,88,88,0,0,0,1,0
35,350299,2,2,0,0,0,5,5,1,30,12,11,2016,7,0,20,1,2,1,1,1,I-25,,2280,35.12832222,-106.617191670000,0,12,1,0,1,1,0,1,3,1,0,1,0,0000000,0,23,0,27,0,54,0,0,0,1,0
35,350300,1,1,0,1,1,1,1,1,30,11,11,2016,6,23,4,1,2,3,4,6,CENTRAL AVE,,0,35.07540000,-106.730669440000,0,8,0,0,1,1,0,1,2,1,0,1,0,0000000,23,9,23,15,88,88,0,0,0,1,0
35,350301,1,1,0,0,0,1,1,61,100,7,11,2016,2,6,12,0,2,7,2,9,DON FELIPE RD,,0,34.68589167,-106.776997220000,0,38,0,0,1,1,0,4,2,1,0,1,0,0000000,99,99,99,99,88,88,0,0,0,1,0
35,350302,1,1,0,1,1,2,2,1,30,14,11,2016,2,17,38,0,2,4,4,6,12TH ST NW,,0,35.10786667,-106.658586110000,0,8,0,0,1,1,0,1,3,1,0,1,0,0000000,99,99,99,99,99,99,0,0,0,1,0
35,350303,1,1,0,1,1,1,1,31,340,14,11,2016,2,18,19,1,2,3,1,3,SR-118 WEST HIGHWAY 66,,170,35.50642778,-108.826547220000,0,8,0,0,1,1,0,1,2,1,0,1,0,0000000,18,21,18,25,88,88,0,0,0,1,0
35,350304,1,1,0,0,0,1,1,35,0,21,11,2016,2,13,23,1,1,3,1,2,US-70,,1960,32.73721944,-106.203158330000,2,1,0,0,1,1,0,4,1,1,0,1,0,0000000,13,13,13,27,88,88,0,0,0,1,0
35,350305,2,2,0,0,0,2,2,1,30,11,10,2016,3,5,41,1,2,3,1,3,SR-45 COORS BLVD SW,BARCELONA RD SW,0,35.03055278,-106.713441670000,0,12,6,0,2,2,0,1,2,1,0,1,0,0000000,5,44,5,55,7,0,0,0,0,1,0
35,350306,1,1,0,1,1,1,1,1,30,3,10,2016,2,11,5,1,2,3,4,6,CENTRAL AVE,61ST ST SW,0,35.08128056,-106.704783330000,0,15,0,0,2,3,1,1,1,1,0,1,0,0000000,11,7,11,10,11,29,0,0,0,1,1
35,350307,1,1,0,0,0,1,1,1,30,20,10,2016,5,5,5,1,2,3,4,6,CENTRAL AVE,,0,35.06725556,-106.765925000000,0,24,0,0,1,1,0,4,8,1,0,1,0,0000000,5,10,5,24,88,88,0,0,0,1,1
35,350308,2,2,0,0,0,4,4,13,0,21,11,2016,2,8,45,0,1,3,1,3,SR-404,,30,32.01373889,-106.554863890000,0,12,2,0,1,1,0,4,1,1,0,1,0,0000000,8,42,8,55,10,11,0,0,0,1,0
35,350309,1,1,0,0,0,1,1,61,530,6,11,2016,1,14,2,0,2,7,2,9,MONTEREY BLVD,,0,34.75898056,-106.667677780000,0,58,0,0,1,1,0,4,1,1,0,1,0,0000000,14,4,14,12,15,5,0,0,0,1,0
35,350310,1,1,0,0,0,1,1,49,0,11,11,2016,6,15,53,1,2,1,1,7,I-25 EAST FRONTAGE ROAD,,0,35.58146389,-106.075363890000,0,1,0,0,1,1,0,4,1,10,0,10,0,0000000,15,57,16,2,16,21,0,0,0,1,0
35,350311,1,1,0,0,0,1,1,47,0,24,11,2016,5,7,37,1,1,1,1,1,I-25,,3560,35.69743889,-105.107658330000,0,1,0,0,1,1,0,3,1,1,0,1,0,0000000,99,99,99,99,88,88,0,0,0,1,0
35,350312,2,2,0,0,0,2,2,1,30,24,11,2016,5,12,21,1,2,3,1,3,SR-47 BROADWAY BLVD,ODELIA RD,0,35.09898333,-106.641705560000,0,12,6,0,2,2,0,1,1,1,0,1,0,0000000,12,25,12,30,12,49,0,0,0,1,1
35,350313,1,1,0,0,0,1,1,9,190,24,11,2016,5,8,36,0,2,4,4,6,TH0RNTON ST,21ST ST,0,34.41920833,-103.214133330000,0,44,0,0,3,2,0,1,1,1,0,1,0,0000000,8,37,8,41,8,54,0,0,0,1,1
35,350314,1,1,0,0,0,2,2,1,30,25,11,2016,6,16,0,1,2,3,1,3,SR-423 PASEO DEL NORTE BLVD NW,,0,35.18038889,-106.665975000000,0,1,0,1,19,1,0,2,1,1,0,1,0,0000000,16,15,16,17,16,37,0,0,0,1,1
35,350315,1,1,0,1,1,1,1,1,30,29,11,2016,3,20,17,0,2,4,4,6,INDIAN SCHOOL RD NE,EUBANK AVE,0,35.10166944,-106.532750000000,0,8,0,0,3,2,0,1,3,1,0,1,0,0000000,20,23,20,27,20,42,0,0,0,1,0
35,350316,1,1,0,0,0,2,2,5,670,14,11,2016,2,22,34,1,2,3,4,6,N MAIN ST,,0,33.41826389,-104.523238890000,0,42,0,0,1,1,0,5,3,1,0,1,0,0000000,22,35,22,40,23,22,0,0,0,1,1
35,350317,1,1,0,0,0,3,3,45,0,18,10,2016,3,19,5,0,1,7,62,9,NAVAJO ROUTE 3005,,60,36.61068611,-108.398144440000,3,1,0,0,1,1,0,1,2,1,0,1,0,0000000,19,20,19,40,20,0,0,0,0,1,1
35,350318,3,3,0,0,0,3,3,1,30,3,12,2016,7,0,17,1,2,3,1,3,SR-45 COORS BLVD NW,MONTANO RD NW,0,35.14939722,-106.686380560000,0,12,7,0,3,2,0,1,3,4,0,4,0,0000000,0,20,0,26,1,24,0,0,0,1,1
35,350319,1,1,0,0,0,1,1,55,0,23,11,2016,4,5,23,0,1,4,1,3,SR-522,,120,36.60974444,-105.661952780000,0,24,0,0,1,1,0,4,2,1,0,1,0,0000000,99,99,99,99,88,88,0,0,0,1,1
35,350320,1,1,0,0,0,1,1,57,605,5,12,2016,2,8,12,0,1,6,1,9,W ABRAHAMES RD,,0,35.02552222,-106.096986110000,0,38,0,0,1,1,0,4,1,1,0,1,0,0000000,8,6,8,13,88,88,0,0,0,1,0
35,350321,2,2,0,0,0,3,3,39,3,7,12,2016,4,18,16,0,1,4,1,2,US-84,,2140,36.22270278,-106.361558330000,0,12,2,0,1,1,0,1,2,1,0,1,0,0000000,18,19,18,57,99,99,0,0,0,1,1
35,350322,1,1,0,0,0,1,1,53,0,8,12,2016,5,14,10,0,1,7,2,9,FARM MARKET ROAD,,0,33.99262222,-106.876683330000,0,10,0,0,6,1,0,1,1,1,0,1,0,019537V,14,13,14,22,88,88,0,0,0,1,0
35,350323,1,1,0,0,0,1,1,5,0,9,12,2016,6,17,10,1,1,3,1,2,US-70,,3450,33.53986111,-104.421527780000,0,24,0,0,1,1,0,4,5,1,0,1,0,0000000,99,99,99,99,88,88,0,0,0,1,0
35,350324,1,1,0,0,0,2,2,31,9997,15,12,2016,5,10,3,1,1,1,1,1,I-40,,380,35.48761944,-108.469383330000,0,1,0,0,1,1,0,3,1,1,0,1,0,0000000,9,33,9,38,11,0,0,0,0,1,0
35,350325,1,1,0,1,1,2,2,1,30,29,12,2016,5,17,31,1,2,3,4,6,SAN MATEO BLVD SE,HIGHLAND AVE SE,0,35.07417778,-106.586283330000,0,8,0,0,3,2,0,1,3,1,0,1,0,0000000,17,35,17,39,17,50,0,0,0,1,0
35,350326,5,5,0,0,0,7,7,31,340,17,12,2016,7,14,18,1,1,1,1,1,I-40,,160,35.50626667,-108.830305560000,0,12,1,1,18,1,0,1,1,1,0,1,0,0000000,14,16,14,29,15,5,0,0,0,1,0
35,350327,1,1,0,0,0,1,1,61,100,6,12,2016,3,21,0,0,1,4,2,9,MANZANO EXPRESSWAY,,0,34.66833056,-106.686875000000,0,1,0,0,1,1,0,4,2,1,0,1,0,0000000,20,52,20,55,88,88,0,0,0,1,0
35,350328,1,1,0,0,0,2,2,31,332,8,12,2016,5,16,6,0,1,5,1,3,SR-400,,30,35.41041389,-108.539511110000,0,1,0,0,1,1,0,1,5,1,0,1,0,0000000,16,6,16,21,99,99,0,0,0,1,1
35,350329,2,2,0,0,0,8,8,1,30,8,10,2016,7,22,22,1,2,3,1,3,SR-345 UNSER BLVD NW,,0,35.12144444,-106.727750000000,0,33,0,0,1,1,0,3,2,2,0,2,0,0000000,22,28,22,33,22,55,0,0,0,1,0
35,350330,2,2,0,0,0,3,3,1,30,13,10,2016,5,9,6,1,1,1,1,1,I-40,,1420,35.03901389,-106.914700000000,0,12,1,0,1,1,0,1,1,1,0,1,0,0000000,9,8,9,26,88,88,0,0,0,1,0
35,350331,1,1,0,0,0,1,1,41,0,13,8,2016,7,11,15,1,1,3,1,2,US-70,,4330,34.28376667,-103.212950000000,0,38,0,0,1,1,0,4,1,98,0,98,0,0000000,9,44,9,51,10,14,20,0,0,1,0
35,350332,1,1,0,1,1,2,2,1,30,14,11,2016,2,20,38,0,2,4,4,6,AVENIDA CESAR CHAVEZ,BRADBURY DR SE,0,35.06834722,-106.632663890000,0,8,0,0,3,2,0,1,3,1,0,1,0,0000000,20,42,20,49,99,99,0,0,0,1,0
35,350333,1,1,0,1,1,1,1,1,30,18,11,2016,6,21,39,1,2,3,4,6,MONTGOMERY BLVD NE,,0,35.13061944,-106.509286110000,0,8,0,0,1,1,0,1,2,1,0,1,0,0000000,21,43,21,46,88,88,0,0,0,1,0
35,350334,1,1,0,0,0,2,2,43,212,28,10,2016,6,19,8,0,1,7,2,9,NAVAJO ROUTE 46,,0,36.07728889,-107.489686110000,3,1,0,0,1,1,0,4,2,1,0,1,0,0000000,18,43,19,38,88,88,0,0,0,1,1
35,350335,2,2,0,0,0,2,2,1,30,5,11,2016,7,20,33,1,2,3,1,3,SR-556 TRAMWAY BLVD NE,INDIAN SCHOOL RD NE,0,35.09473056,-106.497625000000,0,12,6,0,2,2,0,1,3,8,0,8,0,0000000,20,35,20,40,21,1,0,0,0,1,0
35,350336,1,1,0,0,0,2,2,25,0,26,12,2016,2,21,25,0,1,5,1,3,SR-248,,0,32.52108056,-103.129061110000,0,59,0,0,1,1,0,4,2,1,0,1,0,0000000,21,33,21,45,88,88,0,0,0,1,1
35,350337,1,1,0,0,0,4,4,25,0,4,12,2016,1,2,59,0,1,4,1,3,SR-18,,460,32.64151667,-103.127797220000,0,1,0,0,1,1,0,3,2,1,0,1,0,0000000,2,57,3,6,4,0,0,0,0,1,1
35,350338,2,2,0,0,0,3,3,9,190,28,11,2016,2,18,48,1,2,3,4,6,BRADY AVE,HULL ST,0,34.39004722,-103.220627780000,0,38,0,0,3,3,0,4,3,1,0,1,0,0000000,18,48,18,50,88,88,20,0,0,1,0
35,350339,1,1,0,0,0,2,2,31,0,8,1,2016,6,16,43,0,1,7,62,9,INDIAN SERVICE RTE 9653,,0,35.91254167,-108.619597220000,3,1,0,0,1,1,0,4,5,8,0,8,0,0000000,16,45,16,57,18,38,0,0,0,1,0
35,350340,2,2,0,0,0,2,2,13,470,15,12,2016,5,14,58,0,2,7,2,9,HARRELSON ST,,0,32.27401667,-106.766700000000,0,12,8,0,1,1,0,1,1,1,0,1,0,0000000,14,59,15,7,15,36,0,0,0,1,0
35,350341,1,1,0,1,1,1,1,53,548,30,12,2016,6,21,47,0,1,5,1,3,SR-1,,560,33.97800000,-106.883002780000,0,8,0,0,1,1,0,1,3,1,0,1,0,0000000,21,43,21,54,22,2,0,0,0,1,0
35,350342,1,1,0,0,0,1,1,49,710,1,12,2016,5,20,56,1,2,3,1,3,SR-599,,110,35.70124722,-105.980352780000,0,1,0,0,1,1,0,3,2,1,0,1,0,0000000,99,99,99,99,88,88,0,0,0,1,0
35,350343,2,1,1,0,0,1,1,9,190,3,12,2016,7,1,30,0,2,7,4,9,WALLACE ST,,0,34.43158611,-103.200244440000,0,14,0,0,1,1,0,7,2,2,0,2,0,0000000,1,28,1,30,1,55,0,0,0,1,0
35,350344,2,2,0,0,0,2,2,49,261,8,12,2016,5,9,11,1,1,1,1,1,I-40,,1850,35.07508056,-106.220930560000,0,12,1,0,1,1,0,1,1,4,10,4,0,0000000,99,99,99,99,99,99,0,0,0,1,0
35,350345,2,2,0,0,0,3,3,43,0,6,11,2016,1,17,3,1,1,3,1,2,US-550,SR-537,850,36.14645278,-107.264180560000,3,12,6,0,2,3,0,1,5,1,0,1,0,0000000,17,34,18,23,19,13,0,0,0,2,1
35,350346,2,2,0,0,0,4,4,49,710,8,12,2016,5,16,5,1,2,3,1,3,SR-599,VIA VETERANOS,0,35.67640833,-106.012627780000,0,12,6,0,2,2,0,1,1,1,0,1,0,0000000,16,7,16,12,16,36,0,0,0,1,1
35,350347,1,1,0,0,0,1,1,41,0,18,12,2016,1,5,30,0,1,7,2,9,S ROOSEVELT RD S,,0,34.15426667,-103.352947220000,0,38,0,0,1,1,0,4,2,4,0,4,0,0000000,99,98,99,98,88,88,0,0,0,1,1
35,350348,2,2,0,0,0,3,3,49,710,16,12,2016,6,20,20,0,2,4,4,6,CAMINO CARLOS REY,PLAZA VERDE,0,35.63347778,-105.982855560000,0,12,6,0,2,2,0,1,3,1,0,1,0,0000000,20,23,20,28,99,99,0,0,0,2,0
35,350349,3,3,0,0,0,3,3,19,0,17,12,2016,7,10,0,1,1,1,1,1,I-40,,2900,35.02189722,-104.431050000000,0,12,9,0,1,1,0,1,1,4,10,4,0,0000000,99,99,99,99,99,99,19,23,0,1,0
35,350350,2,2,0,1,1,5,5,31,9997,3,12,2016,7,19,5,1,1,3,1,2,US-491,,130,35.70958333,-108.774800000000,3,8,0,0,1,1,0,1,2,1,0,1,0,0000000,17,9,19,18,88,88,0,0,0,1,0
35,350351,1,1,0,0,0,1,1,1,30,23,10,2016,1,0,24,1,2,3,4,6,CENTRAL AVE,,0,35.07868333,-106.593227780000,0,33,0,0,1,1,1,4,3,1,0,1,0,0000000,0,26,0,31,0,42,0,0,0,1,0
35,350352,2,2,0,0,0,7,7,1,30,21,12,2016,4,17,50,1,2,1,1,1,I-40,,0,35.08766667,-106.544700000000,0,12,1,1,18,1,0,1,3,1,0,1,0,0000000,17,45,17,49,18,22,0,0,0,1,0
35,350353,2,2,0,0,0,5,5,1,30,18,12,2016,1,13,28,0,2,4,4,6,SAN ANTONIO DR NE,SAN PEDRO DR NE,0,35.15942222,-106.577683330000,0,12,6,0,2,2,0,1,1,1,0,1,0,0000000,13,40,13,50,14,11,0,0,0,1,1
35,350354,1,1,0,0,0,2,2,45,0,6,12,2016,3,16,9,0,1,7,62,9,NAVAJO ROUTE 13,,0,36.60953333,-108.914638890000,3,1,0,0,1,1,0,4,1,1,0,1,0,0000000,16,11,16,25,16,59,0,0,0,1,1
35,350355,2,2,0,0,0,5,5,13,470,17,12,2016,7,20,23,1,2,3,1,3,SR-478 S MAIN ST,E AMADOR AVE,0,32.30714444,-106.777972220000,0,12,6,0,2,2,0,1,3,1,0,1,0,0000000,19,38,19,45,20,12,0,0,0,1,0
35,350356,1,1,0,0,0,2,2,45,310,19,11,2016,7,15,48,0,2,7,2,9,HINES RD,,0,36.71835833,-108.172111110000,0,42,0,0,1,1,0,5,1,1,0,1,0,0000000,15,53,16,0,16,19,20,0,0,1,1
35,350357,1,1,0,1,1,1,1,45,310,27,12,2016,3,6,1,0,1,4,1,3,SR-371 BISTI HWY,,0,36.72065833,-108.229088890000,0,8,0,0,1,1,0,1,2,1,0,1,0,0000000,6,3,6,10,88,88,0,0,0,1,0
35,350358,1,1,0,0,0,1,1,1,30,3,12,2016,7,2,53,1,2,3,1,3,SR-47 BROADWAY BLVD SE,,0,35.04385278,-106.647680560000,0,24,0,0,1,1,0,4,2,4,0,4,0,0000000,2,56,3,4,3,32,0,0,0,1,1
35,350360,1,1,0,1,1,2,2,31,0,14,12,2016,4,19,37,1,1,1,1,1,I-40,,530,35.39577222,-108.220122220000,0,8,0,1,18,1,0,1,2,1,0,1,0,0000000,99,99,99,99,99,99,0,0,0,1,0
35,350361,1,1,0,0,0,2,2,55,0,31,10,2016,2,22,40,0,1,3,1,3,SR-68,,320,36.30483056,-105.741166670000,0,11,0,0,1,1,0,1,2,1,0,1,0,0000000,22,39,22,54,23,33,0,0,0,1,0